"","difRt","difBT","difBD","Rprom","BTprom","BDprom"
"Rlast_1991_2007",-1.28361964462725,-0.722962197308117,0.142339970766202,112869.058823529,1034613.52941176,501434.117647059
"Rlast_2008_2012",0.363709076187044,0.32833965079389,0.544083130672988,405082,2654020,943286
"Rlast_2013_2021",-0.431031940743958,0.169828308857773,0.546033626356871,180114.777777778,2147266.66666667,947338.888888889
"Rlast_2013_2020",-0.512525279050645,0.187085299952117,0.57503900078928,170410.375,2192850,1011998.75
"Rlast_historico",-0.435748147826042,-0.10116126815895,0.387515700473104,179523.129032258,1618836.4516129,702156.774193548
